name,workplace,job_role
Adam Robinson,Hallam Street Hospital,Accommodation warden
Adrianna Perry,Penn Hospital,Accommodation warden
Aida Clark,Pond Lane,Adult Support Worker
Aldus Payne,Orchard Hills,Residential support worker
Alfred Hall,Orchard Hills,Occupational therapist
Alissa Ross,Trust Headquarters,Accommodation warden
Amy Chapman,Penn Hospital,Social Worker
Arnold Mitchell,Trust Headquarters,Residential support worker
Aston Hill,Ridge Hill LD,Occupational therapist
Bruce Spencer,Heath Lane Hospital,Residential support worker
Carina Cunningham,Edward Street Hospital,Domiciliary Care Worker
Carina Hawkins,Penn Hospital,Social Worker
Catherine Stewart,Pond Lane,Social Worker
Charlie Higgins,Bloxwich Hospital,Residential support worker
Cherry West,Hallam Street Hospital,Accommodation warden
Clark Henderson,Trust Headquarters,Residential support worker
Connie Ross,Ridge Hill LD,Adult Support Worker
David Higgins,Bloxwich Hospital,Social Worker
Ellia Tucker,Hallam Street Hospital,Residential support worker
Ellia Walker,Ridge Hill LD,Domiciliary Care Worker
Garry Moore,Bloxwich Hospital,Accommodation warden
Garry Myers,Edward Street Hospital,Domiciliary Care Worker
Haris Casey,Bushey Fields Hospital,Accommodation warden
James Riley,Pond Lane,Adult Support Worker
John Smith,Penn Hospital,Adult Support Worker
John Smith,Pond Lane,Residential support worker
John Smith,Pond Lane,Adult Support Worker
Jordan Allen,Heath Lane Hospital,Residential support worker
Julia Alexander,Pond Lane,Adult Support Worker
Kate Hill,Hallam Street Hospital,Social Worker
Leonardo Andrews,Bushey Fields Hospital,Social Worker
Lucas Foster,Heath Lane Hospital,Accommodation warden
Lucia Thomas,Orchard Hills,Domiciliary Care Worker
Madaline Murray,Heath Lane Hospital,Occupational therapist
Martin Howard,Pond Lane,Domiciliary Care Worker
Max Rogers,Pond Lane,Occupational therapist
Melissa Carter,Dorothy Pattison Hospital,Domiciliary Care Worker
Michelle Murray,Bloxwich Hospital,Accommodation warden
Myra Harris,Pond Lane,Domiciliary Care Worker
Myra Riley,Edward Street Hospital,Accommodation warden
Penelope Anderson,Orchard Hills,Occupational therapist
Robert Morgan,Bushey Fields Hospital,Social Worker
Sarah Fowler,Ridge Hill LD,Domiciliary Care Worker
Savana Mitchell,Dorothy Pattison Hospital,Adult Support Worker
Savana Scott,Edward Street Hospital,Occupational therapist
Sienna Morris,Dorothy Pattison Hospital,Adult Support Worker
Sophia Moore,Trust Headquarters,Occupational therapist
Stella Casey,Bushey Fields Hospital,Adult Support Worker
Victor Stewart,Dorothy Pattison Hospital,Social Worker
Violet Fowler,Edward Street Hospital,Occupational therapist
